INFOLogging Bean1	INFO	Logging Bean	2024-02-07T17:17:36.792965400
1	INFO	Logging Bean	2024-02-07T17:48:04.177302800
1	INFO	Logging Bean	2024-02-07T17:48:53.388843900
1	INFO	Logging Bean	2024-02-07T17:49:06.232424400
1	INFO	Logging Bean	2024-02-07T17:49:25.274970700
1	INFO	Logging Bean	2024-02-07T17:49:46.618501500
1	INFO	Logging Bean	2024-02-07T17:50:34.563661100
1	INFO	Logging Bean	2024-02-07T17:51:32.686114200
1	INFO	Logging Bean	2024-02-07T17:56:05.177593500
1	INFO	Logging Bean	2024-02-07T19:48:14.987159500
1	INFO	Logging Bean	2024-02-07T19:51:45.627942300
1	INFO	Logging Bean	2024-02-07T19:52:48.344572800
1	Info	Testing	2024-02-07T20:44:31.324438500
1	Info	Testing	2024-02-07T20:45:33.217088800
1	Info	Testing	2024-02-07T20:47:14.996179900
1	Info	Testing	2024-02-07T20:47:43.709991700
1	Info	Testing	2024-02-07T20:53:09.588218200
1	Info	Testing	2024-02-07T21:01:11.701491
1	Info	Testing	2024-02-07T21:04:05.340201900
1	Info	Testing	2024-02-07T23:11:24.057148200
1	Info	Testing	2024-02-08T10:09:17.843740200
1	Info	Testing	2024-02-08T10:38:23.783316900
1	Info	Testing	2024-02-08T10:41:42.781990100
1	Info	Testing	2024-02-08T10:48:28.665753300
1	Info	Testing	2024-02-08T11:47:39.159844900
1	Info	Testing	2024-02-08T11:48:11.550889800
1	Info	Testing	2024-02-08T11:48:37.043660600
1	Info	Testing	2024-02-08T11:51:49.824717800
1	Info	Testing	2024-02-08T11:52:51.534782300
1	Info	Testing	2024-02-08T11:55:20.439964600
1	Info	Testing	2024-02-08T11:56:04.229318
1	Info	Testing	2024-02-08T11:56:44.643565500
1	Info	Testing	2024-02-08T12:42:43.313008400
